file,duration
xa.s15.00.mhz.1973-04-04HR00_evid00098.mseed,82817.509434
xa.s15.00.mhz.1973-08-10HR00_evid00126.mseed,86404.377358
xa.s15.00.mhz.1973-10-27HR00_evid00134.mseed,86399.698113
xa.s15.00.mhz.1974-10-19HR00_evid00157.mseed,86400.150943
xa.s15.00.mhz.1974-11-17HR00_evid00162.mseed,86400.90566
xa.s15.00.mhz.1974-11-21HR00_evid00166.mseed,86400.90566
xa.s15.00.mhz.1974-12-15HR00_evid00169.mseed,86400.90566
xa.s15.00.mhz.1974-12-15HR00_evid00170.mseed,86400.90566
xa.s15.00.mhz.1975-04-12HR00_evid00190.mseed,86400.150943
xa.s15.00.mhz.1975-06-22HR00_evid00194.mseed,86404.377358
