0,1
II.PFO.00.BHZ_2005-01-04T08_48_02.321_2005-01-04T08_50_13.321,100.46000000000001
II.PFO.00.BHZ_2005-01-06T12_10_07.252_2005-01-06T12_12_18.252,92.42999999999999
II.PFO.00.BHZ_2005-01-06T14_21_16.086_2005-01-06T14_23_27.086,100.89000000000001
II.PFO.00.BHZ_2005-01-06T14_34_01.604_2005-01-06T14_36_12.604,105.67999999999999
II.PFO.00.BHZ_2005-01-12T08_09_10.183_2005-01-12T08_11_21.183,102.25000000000001
II.PFO.00.BHZ_2005-02-03T04_50_58.974_2005-02-03T04_53_09.974,100.59
II.PFO.00.BHZ_2005-03-13T23_41_43.427_2005-03-13T23_43_54.427,100.53
II.PFO.00.BHZ_2005-03-22T08_53_30.621_2005-03-22T08_55_41.621,50.730000000000004
II.PFO.00.BHZ_2005-04-23T02_17_43.207_2005-04-23T02_19_54.207,99.64000000000001
II.PFO.00.BHZ_2005-05-15T13_28_19.558_2005-05-15T13_30_30.558,100.13
II.PFO.00.BHZ_2005-05-21T00_37_58.993_2005-05-21T00_40_09.993,101.91999999999999
II.PFO.00.BHZ_2005-06-09T23_00_29.782_2005-06-09T23_02_40.782,83.69000000000001
II.PFO.00.BHZ_2005-06-12T15_40_07.639_2005-06-12T15_42_18.639,101.13
II.PFO.00.BHZ_2005-06-12T20_46_10.273_2005-06-12T20_48_21.273,83.76
II.PFO.00.BHZ_2005-06-16T20_51_54.827_2005-06-16T20_54_05.827,102.75999999999999
II.PFO.00.BHZ_2005-06-17T03_22_50.467_2005-06-17T03_25_01.467,100.0
II.PFO.00.BHZ_2005-06-27T22_16_05.286_2005-06-27T22_18_16.286,99.91999999999999
II.PFO.00.BHZ_2005-08-26T13_44_01.789_2005-08-26T13_46_12.789,102.10000000000001
II.PFO.00.BHZ_2005-08-29T07_38_20.669_2005-08-29T07_40_31.669,99.56
II.PFO.00.BHZ_2005-08-31T15_34_12.579_2005-08-31T15_36_23.579,99.84
II.PFO.00.BHZ_2005-08-31T16_17_23.090_2005-08-31T16_19_34.090,64.89
II.PFO.00.BHZ_2005-08-31T21_47_36.710_2005-08-31T21_49_47.710,81.58
II.PFO.00.BHZ_2005-08-31T22_15_48.901_2005-08-31T22_17_59.901,88.47999999999999
II.PFO.00.BHZ_2005-08-31T22_44_24.651_2005-08-31T22_46_35.651,101.26
II.PFO.00.BHZ_2005-08-31T22_46_19.148_2005-08-31T22_48_30.148,68.07000000000001
II.PFO.00.BHZ_2005-08-31T22_46_19.733_2005-08-31T22_48_30.733,65.98
II.PFO.00.BHZ_2005-08-31T23_05_50.339_2005-08-31T23_08_01.339,68.49
II.PFO.00.BHZ_2005-08-31T23_26_06.684_2005-08-31T23_28_17.684,101.75999999999999
II.PFO.00.BHZ_2005-08-31T23_30_46.059_2005-08-31T23_32_57.059,82.54
II.PFO.00.BHZ_2005-09-01T04_13_57.521_2005-09-01T04_16_08.521,99.55
II.PFO.00.BHZ_2005-09-01T08_23_02.279_2005-09-01T08_25_13.279,88.7
II.PFO.00.BHZ_2005-09-01T13_46_59.909_2005-09-01T13_49_10.909,47.82000000000001
II.PFO.00.BHZ_2005-09-01T13_48_43.912_2005-09-01T13_50_54.912,29.619999999999997
II.PFO.00.BHZ_2005-09-01T13_48_53.559_2005-09-01T13_51_04.559,77.25
II.PFO.00.BHZ_2005-09-01T14_05_06.597_2005-09-01T14_07_17.597,50.370000000000005
II.PFO.00.BHZ_2005-09-02T01_22_18.925_2005-09-02T01_24_29.925,99.42
II.PFO.00.BHZ_2005-09-02T01_25_52.714_2005-09-02T01_28_03.714,83.1
II.PFO.00.BHZ_2005-09-02T01_25_53.306_2005-09-02T01_28_04.306,82.60999999999999
II.PFO.00.BHZ_2005-09-02T02_45_10.543_2005-09-02T02_47_21.543,59.75
II.PFO.00.BHZ_2005-09-02T03_48_52.829_2005-09-02T03_51_03.829,98.59
II.PFO.00.BHZ_2005-09-02T03_53_27.515_2005-09-02T03_55_38.515,83.49
II.PFO.00.BHZ_2005-09-02T06_43_02.056_2005-09-02T06_45_13.056,101.16
II.PFO.00.BHZ_2005-09-03T11_15_59.708_2005-09-03T11_18_10.708,89.58
II.PFO.00.BHZ_2005-09-05T08_52_28.846_2005-09-05T08_54_39.846,99.62
II.PFO.00.BHZ_2005-09-05T23_48_12.479_2005-09-05T23_50_23.479,99.73
II.PFO.00.BHZ_2005-09-08T22_48_31.954_2005-09-08T22_50_42.954,100.01000000000002
II.PFO.00.BHZ_2005-09-09T13_47_37.898_2005-09-09T13_49_48.898,100.07000000000002
II.PFO.00.BHZ_2005-09-11T06_05_57.561_2005-09-11T06_08_08.561,100.42999999999999
II.PFO.00.BHZ_2005-09-19T20_07_46.255_2005-09-19T20_09_57.255,100.92999999999999
II.PFO.00.BHZ_2005-09-19T22_58_50.089_2005-09-19T23_01_01.089,102.08
II.PFO.00.BHZ_2005-09-20T06_01_27.083_2005-09-20T06_03_38.083,100.35
II.PFO.00.BHZ_2005-10-18T04_07_06.329_2005-10-18T04_09_17.329,103.69000000000001
II.PFO.00.BHZ_2005-10-18T07_29_29.317_2005-10-18T07_31_40.317,68.12
II.PFO.00.BHZ_2005-11-08T22_02_09.800_2005-11-08T22_04_20.800,100.25
II.PFO.00.BHZ_2005-11-25T15_39_12.815_2005-11-25T15_41_23.815,100.89999999999999
II.PFO.00.BHZ_2005-12-03T07_48_08.633_2005-12-03T07_50_19.633,101.53
II.PFO.00.BHZ_2005-12-04T17_46_16.282_2005-12-04T17_48_27.282,101.1
II.PFO.00.BHZ_2005-12-17T02_14_04.886_2005-12-17T02_16_15.886,101.83
II.PFO.00.BHZ_2006-01-18T12_26_33.628_2006-01-18T12_28_44.628,101.44000000000001
II.PFO.00.BHZ_2006-02-16T03_49_55.987_2006-02-16T03_52_06.987,101.17
II.PFO.00.BHZ_2006-02-28T05_05_54.625_2006-02-28T05_08_05.625,99.19000000000001
II.PFO.00.BHZ_2006-03-05T10_41_51.604_2006-03-05T10_44_02.604,101.97
II.PFO.00.BHZ_2006-03-11T07_43_36.331_2006-03-11T07_45_47.331,101.66
II.PFO.00.BHZ_2006-03-20T17_14_53.658_2006-03-20T17_17_04.658,99.92
II.PFO.00.BHZ_2006-03-23T23_47_35.137_2006-03-23T23_49_46.137,90.2
II.PFO.00.BHZ_2006-03-24T05_52_37.810_2006-03-24T05_54_48.810,100.64999999999999
II.PFO.00.BHZ_2006-05-03T16_21_11.517_2006-05-03T16_23_22.517,83.60999999999999
II.PFO.00.BHZ_2006-05-18T10_10_23.656_2006-05-18T10_12_34.656,100.32000000000001
II.PFO.00.BHZ_2006-06-03T13_54_48.392_2006-06-03T13_56_59.392,100.4
II.PFO.00.BHZ_2006-06-08T22_44_21.120_2006-06-08T22_46_32.120,101.77000000000001
II.PFO.00.BHZ_2006-06-30T00_26_35.575_2006-06-30T00_28_46.575,101.16
II.PFO.00.BHZ_2006-06-30T15_19_21.417_2006-06-30T15_21_32.417,101.24000000000001
II.PFO.00.BHZ_2006-07-10T02_53_14.367_2006-07-10T02_55_25.367,100.15
II.PFO.00.BHZ_2006-07-23T15_57_26.728_2006-07-23T15_59_37.728,101.96
II.PFO.00.BHZ_2006-07-30T13_31_18.719_2006-07-30T13_33_29.719,82.26000000000002
II.PFO.00.BHZ_2006-08-01T09_14_50.457_2006-08-01T09_17_01.457,64.94000000000001
II.PFO.00.BHZ_2006-08-02T16_01_37.795_2006-08-02T16_03_48.795,83.53
II.PFO.00.BHZ_2006-08-07T01_00_09.268_2006-08-07T01_02_20.268,102.19
II.PFO.00.BHZ_2006-08-24T18_49_55.482_2006-08-24T18_52_06.482,82.31
II.PFO.00.BHZ_2006-08-26T21_18_29.857_2006-08-26T21_20_40.857,93.55
II.PFO.00.BHZ_2006-09-02T16_28_07.767_2006-09-02T16_30_18.767,100.39000000000001
II.PFO.00.BHZ_2006-09-06T22_16_31.377_2006-09-06T22_18_42.377,100.62
II.PFO.00.BHZ_2006-09-07T14_43_19.025_2006-09-07T14_45_30.025,100.17
II.PFO.00.BHZ_2006-09-18T16_24_07.726_2006-09-18T16_26_18.726,83.18
II.PFO.00.BHZ_2006-10-02T15_43_18.605_2006-10-02T15_45_29.605,101.10999999999999
II.PFO.00.BHZ_2006-10-05T19_52_32.911_2006-10-05T19_54_43.911,82.49
II.PFO.00.BHZ_2006-10-09T20_25_17.946_2006-10-09T20_27_28.946,83.22999999999999
II.PFO.00.BHZ_2006-11-25T07_38_18.864_2006-11-25T07_40_29.864,100.38000000000001
II.PFO.00.BHZ_2006-11-29T12_16_11.104_2006-11-29T12_18_22.104,101.11
II.PFO.00.BHZ_2006-11-29T21_09_31.036_2006-11-29T21_11_42.036,65.44
II.PFO.00.BHZ_2006-11-29T21_24_53.557_2006-11-29T21_27_04.557,75.42999999999999
II.PFO.00.BHZ_2006-11-29T22_14_14.508_2006-11-29T22_16_25.508,101.53
II.PFO.00.BHZ_2006-12-05T19_39_02.125_2006-12-05T19_41_13.125,100.37
II.PFO.00.BHZ_2006-12-07T04_07_57.912_2006-12-07T04_10_08.912,97.65
II.PFO.00.BHZ_2006-12-19T07_14_25.338_2006-12-19T07_16_36.338,101.97
II.PFO.00.BHZ_2006-12-24T03_42_03.052_2006-12-24T03_44_14.052,101.96
II.PFO.00.BHZ_2006-12-27T21_34_44.808_2006-12-27T21_36_55.808,101.93
II.PFO.00.BHZ_2007-01-15T06_58_29.368_2007-01-15T07_00_40.368,100.32999999999998
II.PFO.00.BHZ_2007-01-17T16_06_18.314_2007-01-17T16_08_29.314,100.97
II.PFO.00.BHZ_2007-01-18T20_02_51.570_2007-01-18T20_05_02.570,63.33
II.PFO.00.BHZ_2007-01-19T19_15_39.662_2007-01-19T19_17_50.662,100.64000000000001
II.PFO.00.BHZ_2007-02-09T03_32_10.631_2007-02-09T03_34_21.631,101.82000000000001
II.PFO.00.BHZ_2007-03-01T14_36_13.553_2007-03-01T14_38_24.553,101.35
II.PFO.00.BHZ_2007-04-18T22_21_34.703_2007-04-18T22_23_45.703,80.83
II.PFO.00.BHZ_2007-04-28T08_03_31.889_2007-04-28T08_05_42.889,100.88
II.PFO.00.BHZ_2007-04-28T14_53_46.999_2007-04-28T14_55_57.999,100.3
II.PFO.00.BHZ_2007-04-30T05_22_16.096_2007-04-30T05_24_27.096,100.79
II.PFO.00.BHZ_2007-05-17T16_04_05.461_2007-05-17T16_06_16.461,101.1
II.PFO.00.BHZ_2007-05-17T16_04_25.270_2007-05-17T16_06_36.270,81.94
II.PFO.00.BHZ_2007-05-20T09_39_17.687_2007-05-20T09_41_28.687,100.87
II.PFO.00.BHZ_2007-05-24T06_10_16.343_2007-05-24T06_12_27.343,101.83999999999999
II.PFO.00.BHZ_2007-05-24T06_13_52.039_2007-05-24T06_16_03.039,83.42999999999999
II.PFO.00.BHZ_2007-06-13T14_49_00.151_2007-06-13T14_51_11.151,100.41000000000001
II.PFO.00.BHZ_2007-08-29T04_12_17.899_2007-08-29T04_14_28.899,101.92999999999999
II.PFO.00.BHZ_2007-08-30T13_06_39.681_2007-08-30T13_08_50.681,101.08
II.PFO.00.BHZ_2007-09-05T15_15_22.433_2007-09-05T15_17_33.433,101.19000000000001
II.PFO.00.BHZ_2007-09-25T22_36_59.403_2007-09-25T22_39_10.403,100.2
II.PFO.00.BHZ_2007-10-15T21_32_34.166_2007-10-15T21_34_45.166,100.13999999999999
II.PFO.00.BHZ_2007-11-17T21_14_00.907_2007-11-17T21_16_11.907,100.44
II.PFO.00.BHZ_2007-11-25T20_29_15.793_2007-11-25T20_31_26.793,100.83
II.PFO.00.BHZ_2007-11-26T04_39_01.278_2007-11-26T04_41_12.278,100.96
II.PFO.00.BHZ_2007-11-28T15_50_30.627_2007-11-28T15_52_41.627,101.18
II.PFO.00.BHZ_2007-12-19T12_12_40.763_2007-12-19T12_14_51.763,101.41
II.PFO.00.BHZ_2008-01-28T01_27_22.228_2008-01-28T01_29_33.228,100.21000000000001
II.PFO.00.BHZ_2008-02-25T22_57_26.389_2008-02-25T22_59_37.389,100.47999999999999
II.PFO.00.BHZ_2008-03-06T00_12_59.893_2008-03-06T00_15_10.893,101.32
II.PFO.00.BHZ_2008-03-09T09_21_09.988_2008-03-09T09_23_20.988,101.7
II.PFO.00.BHZ_2008-03-17T14_15_18.327_2008-03-17T14_17_29.327,100.89000000000001
II.PFO.00.BHZ_2008-03-20T07_19_02.935_2008-03-20T07_21_13.935,100.67
II.PFO.00.BHZ_2008-04-06T20_50_09.606_2008-04-06T20_52_20.606,101.42
II.PFO.00.BHZ_2008-04-15T00_58_34.109_2008-04-15T01_00_45.109,67.82000000000001
II.PFO.00.BHZ_2008-04-18T03_23_50.258_2008-04-18T03_26_01.258,63.82000000000001
II.PFO.00.BHZ_2008-05-01T03_53_58.363_2008-05-01T03_56_09.363,100.44000000000001
II.PFO.00.BHZ_2008-05-04T18_14_57.144_2008-05-04T18_17_08.144,101.42
II.PFO.00.BHZ_2008-05-08T23_42_47.491_2008-05-08T23_44_58.491,100.35999999999999
II.PFO.00.BHZ_2008-05-09T22_36_30.362_2008-05-09T22_38_41.362,100.78
II.PFO.00.BHZ_2008-05-16T14_59_41.139_2008-05-16T15_01_52.139,100.72999999999999
II.PFO.00.BHZ_2008-06-02T04_58_04.915_2008-06-02T05_00_15.915,64.91
II.PFO.00.BHZ_2008-06-02T05_11_48.703_2008-06-02T05_13_59.703,100.28
II.PFO.00.BHZ_2008-06-02T05_28_27.922_2008-06-02T05_30_38.922,46.06
II.PFO.00.BHZ_2008-06-03T01_06_52.936_2008-06-03T01_09_03.936,100.50999999999999
II.PFO.00.BHZ_2008-06-03T23_04_56.969_2008-06-03T23_07_07.969,100.76
II.PFO.00.BHZ_2008-06-23T14_13_30.521_2008-06-23T14_15_41.521,101.07000000000001
II.PFO.00.BHZ_2008-06-24T15_04_32.875_2008-06-24T15_06_43.875,100.35999999999999
II.PFO.00.BHZ_2008-07-21T20_19_31.628_2008-07-21T20_21_42.628,100.16999999999999
II.PFO.00.BHZ_2008-08-03T01_25_37.980_2008-08-03T01_27_48.980,100.18000000000002
II.PFO.00.BHZ_2008-08-19T01_53_38.969_2008-08-19T01_55_49.969,100.35
II.PFO.00.BHZ_2008-08-26T01_51_34.970_2008-08-26T01_53_45.970,100.23999999999998
II.PFO.00.BHZ_2008-09-01T18_38_16.184_2008-09-01T18_40_27.184,97.16999999999999
II.PFO.00.BHZ_2008-09-03T18_02_37.173_2008-09-03T18_04_48.173,100.21000000000001
II.PFO.00.BHZ_2008-09-04T08_40_35.952_2008-09-04T08_42_46.952,100.16000000000001
II.PFO.00.BHZ_2008-09-10T12_44_55.460_2008-09-10T12_47_06.460,84.11
II.PFO.00.BHZ_2008-09-19T21_37_02.125_2008-09-19T21_39_13.125,102.67
II.PFO.00.BHZ_2008-09-29T11_36_25.934_2008-09-29T11_38_36.934,101.53
II.PFO.00.BHZ_2008-10-02T09_40_19.344_2008-10-02T09_42_30.344,101.34
II.PFO.00.BHZ_2008-10-11T19_32_23.483_2008-10-11T19_34_34.483,100.17999999999999
II.PFO.00.BHZ_2008-10-13T05_38_15.255_2008-10-13T05_40_26.255,83.64999999999999
II.PFO.00.BHZ_2008-10-30T03_26_10.696_2008-10-30T03_28_21.696,40.37
II.PFO.00.BHZ_2008-10-30T03_46_45.202_2008-10-30T03_48_56.202,101.07
II.PFO.00.BHZ_2008-10-30T03_48_18.619_2008-10-30T03_50_29.619,13.16
II.PFO.00.BHZ_2008-10-30T03_51_15.878_2008-10-30T03_53_26.878,76.26
II.PFO.00.BHZ_2008-10-30T06_48_10.739_2008-10-30T06_50_21.739,101.2
II.PFO.00.BHZ_2008-10-30T17_08_01.822_2008-10-30T17_10_12.822,100.28
II.PFO.00.BHZ_2008-11-08T11_30_16.292_2008-11-08T11_32_27.292,100.28
II.PFO.00.BHZ_2008-11-17T17_40_02.233_2008-11-17T17_42_13.233,101.10999999999999
II.PFO.00.BHZ_2008-11-20T21_15_52.684_2008-11-20T21_18_03.684,100.10999999999999
II.PFO.00.BHZ_2008-11-23T19_38_11.572_2008-11-23T19_40_22.572,100.28
II.PFO.00.BHZ_2008-12-06T04_17_23.577_2008-12-06T04_19_34.577,84.19
II.PFO.00.BHZ_2008-12-10T00_28_02.563_2008-12-10T00_30_13.563,89.78
II.PFO.00.BHZ_2008-12-10T09_38_48.228_2008-12-10T09_40_59.228,101.49000000000001
II.PFO.00.BHZ_2009-01-09T03_48_21.114_2009-01-09T03_50_32.114,100.34
II.PFO.00.BHZ_2009-01-09T04_46_15.913_2009-01-09T04_48_26.913,99.92999999999999
II.PFO.00.BHZ_2009-01-11T01_04_33.931_2009-01-11T01_06_44.931,101.80999999999999
II.PFO.00.BHZ_2009-03-19T12_10_12.392_2009-03-19T12_12_23.392,101.02
II.PFO.00.BHZ_2009-03-21T11_23_11.790_2009-03-21T11_25_22.790,46.94
II.PFO.00.BHZ_2009-03-21T20_10_50.110_2009-03-21T20_13_01.110,101.12
II.PFO.00.BHZ_2009-03-21T20_15_34.744_2009-03-21T20_17_45.744,59.120000000000005
II.PFO.00.BHZ_2009-03-21T20_38_37.277_2009-03-21T20_40_48.277,74.44000000000001
II.PFO.00.BHZ_2009-03-23T08_05_05.376_2009-03-23T08_07_16.376,90.34
II.PFO.00.BHZ_2009-03-24T11_54_15.887_2009-03-24T11_56_26.887,100.11999999999999
II.PFO.00.BHZ_2009-03-24T13_51_23.822_2009-03-24T13_53_34.822,100.35
II.PFO.00.BHZ_2009-03-24T23_41_46.287_2009-03-24T23_43_57.287,84.43999999999998
II.PFO.00.BHZ_2009-03-25T05_49_27.275_2009-03-25T05_51_38.275,101.11000000000001
II.PFO.00.BHZ_2009-03-25T07_49_54.692_2009-03-25T07_52_05.692,100.82000000000002
II.PFO.00.BHZ_2009-03-25T19_58_15.220_2009-03-25T20_00_26.220,101.22
II.PFO.00.BHZ_2009-03-26T03_23_53.421_2009-03-26T03_26_04.421,100.99000000000001
II.PFO.00.BHZ_2009-03-26T05_11_05.038_2009-03-26T05_13_16.038,101.57000000000001
II.PFO.00.BHZ_2009-04-08T22_02_34.296_2009-04-08T22_04_45.296,87.74000000000001
II.PFO.00.BHZ_2009-04-09T20_21_33.840_2009-04-09T20_23_44.840,100.6
II.PFO.00.BHZ_2009-04-09T21_43_58.161_2009-04-09T21_46_09.161,84.16
II.PFO.00.BHZ_2009-04-16T17_53_56.797_2009-04-16T17_56_07.797,87.55
II.PFO.00.BHZ_2009-04-26T05_09_02.891_2009-04-26T05_11_13.891,73.61
II.PFO.00.BHZ_2009-06-14T04_40_50.052_2009-06-14T04_43_01.052,65.33
II.PFO.00.BHZ_2009-06-14T04_59_14.668_2009-06-14T05_01_25.668,83.78
II.PFO.00.BHZ_2009-06-19T15_29_01.115_2009-06-19T15_31_12.115,100.33
II.PFO.00.BHZ_2009-06-21T14_28_09.222_2009-06-21T14_30_20.222,99.92999999999999
II.PFO.00.BHZ_2009-07-20T12_08_50.437_2009-07-20T12_11_01.437,100.04
II.PFO.00.BHZ_2009-07-26T04_52_27.470_2009-07-26T04_54_38.470,100.12
II.PFO.00.BHZ_2009-08-01T12_54_33.594_2009-08-01T12_56_44.594,101.56
II.PFO.00.BHZ_2009-08-07T08_52_09.070_2009-08-07T08_54_20.070,101.38999999999999
II.PFO.00.BHZ_2009-08-12T23_47_33.825_2009-08-12T23_49_44.825,100.94
II.PFO.00.BHZ_2009-08-26T11_52_26.503_2009-08-26T11_54_37.503,100.08000000000001
II.PFO.00.BHZ_2009-10-16T10_02_09.843_2009-10-16T10_04_20.843,100.14
II.PFO.00.BHZ_2009-10-21T13_15_47.569_2009-10-21T13_17_58.569,100.35999999999999
II.PFO.00.BHZ_2009-11-11T03_22_51.305_2009-11-11T03_25_02.305,101.64000000000001
II.PFO.00.BHZ_2009-11-13T10_10_15.090_2009-11-13T10_12_26.090,99.88000000000001
II.PFO.00.BHZ_2009-11-15T07_52_53.201_2009-11-15T07_55_04.201,100.01000000000002
II.PFO.00.BHZ_2009-11-16T13_52_56.673_2009-11-16T13_55_07.673,101.59
II.PFO.00.BHZ_2009-11-17T22_50_48.350_2009-11-17T22_52_59.350,100.58
II.PFO.00.BHZ_2009-11-17T23_04_11.950_2009-11-17T23_06_22.950,100.69999999999999
II.PFO.00.BHZ_2009-11-18T00_42_35.456_2009-11-18T00_44_46.456,93.44
II.PFO.00.BHZ_2009-11-22T15_54_05.997_2009-11-22T15_56_16.997,102.02
II.PFO.00.BHZ_2009-12-26T23_00_42.282_2009-12-26T23_02_53.282,101.67000000000002
II.PFO.00.BHZ_2009-12-31T00_16_28.582_2009-12-31T00_18_39.582,100.17
II.PFO.00.BHZ_2010-01-11T23_22_28.994_2010-01-11T23_24_39.994,100.38
II.PFO.00.BHZ_2010-01-11T23_32_20.756_2010-01-11T23_34_31.756,101.07000000000001
II.PFO.00.BHZ_2010-01-12T02_34_36.755_2010-01-12T02_36_47.755,100.52000000000001
II.PFO.00.BHZ_2010-01-15T02_11_29.896_2010-01-15T02_13_40.896,96.24
II.PFO.00.BHZ_2010-01-16T12_01_54.018_2010-01-16T12_04_05.018,101.78
II.PFO.00.BHZ_2010-02-13T21_37_39.122_2010-02-13T21_39_50.122,100.2
II.PFO.00.BHZ_2010-02-17T05_03_27.465_2010-02-17T05_05_38.465,100.25
II.PFO.00.BHZ_2010-02-17T21_34_24.246_2010-02-17T21_36_35.246,100.05999999999999
II.PFO.00.BHZ_2010-02-19T19_52_15.780_2010-02-19T19_54_26.780,101.0
II.PFO.00.BHZ_2010-02-19T19_54_56.088_2010-02-19T19_57_07.088,47.56
II.PFO.00.BHZ_2010-02-20T04_07_19.285_2010-02-20T04_09_30.285,100.4
II.PFO.00.BHZ_2010-03-09T04_16_51.475_2010-03-09T04_19_02.475,101.41
II.PFO.00.BHZ_2010-03-11T01_38_05.228_2010-03-11T01_40_16.228,100.97
II.PFO.00.BHZ_2010-03-13T16_31_02.793_2010-03-13T16_33_13.793,100.67
II.PFO.00.BHZ_2010-03-28T21_33_59.415_2010-03-28T21_36_10.415,100.35
II.PFO.00.BHZ_2010-04-05T17_25_20.853_2010-04-05T17_27_31.853,83.11999999999999
II.PFO.00.BHZ_2010-04-06T18_35_46.457_2010-04-06T18_37_57.457,55.92999999999999
II.PFO.00.BHZ_2010-04-07T23_46_31.407_2010-04-07T23_48_42.407,100.66
II.PFO.00.BHZ_2010-05-08T13_45_31.415_2010-05-08T13_47_42.415,100.88
II.PFO.00.BHZ_2010-05-14T07_51_58.273_2010-05-14T07_54_09.273,100.2
II.PFO.00.BHZ_2010-05-18T08_08_32.953_2010-05-18T08_10_43.953,100.91
II.PFO.00.BHZ_2010-05-19T07_20_05.274_2010-05-19T07_22_16.274,100.74000000000001
II.PFO.00.BHZ_2010-06-03T08_42_35.150_2010-06-03T08_44_46.150,99.53
II.PFO.00.BHZ_2010-06-03T14_14_17.404_2010-06-03T14_16_28.404,100.69000000000001
II.PFO.00.BHZ_2010-06-07T20_31_30.405_2010-06-07T20_33_41.405,66.09
II.PFO.00.BHZ_2010-06-07T20_40_10.422_2010-06-07T20_42_21.422,101.88999999999999
II.PFO.00.BHZ_2010-06-13T03_07_21.054_2010-06-13T03_09_32.054,83.13
II.PFO.00.BHZ_2010-06-15T16_22_07.702_2010-06-15T16_24_18.702,100.55
II.PFO.00.BHZ_2010-06-18T15_13_03.568_2010-06-18T15_15_14.568,100.24
II.PFO.00.BHZ_2010-06-24T12_13_05.335_2010-06-24T12_15_16.335,100.75
II.PFO.00.BHZ_2010-07-02T03_25_42.119_2010-07-02T03_27_53.119,100.78
II.PFO.00.BHZ_2010-07-07T23_51_57.914_2010-07-07T23_54_08.914,98.95000000000002
II.PFO.00.BHZ_2010-07-08T02_32_58.668_2010-07-08T02_35_09.668,61.56
II.PFO.00.BHZ_2010-07-10T13_23_22.674_2010-07-10T13_25_33.674,100.14
II.PFO.00.BHZ_2010-07-12T05_48_51.234_2010-07-12T05_51_02.234,65.53999999999999
II.PFO.00.BHZ_2010-07-22T10_47_56.761_2010-07-22T10_50_07.761,100.77000000000001
II.PFO.00.BHZ_2010-07-25T21_24_11.583_2010-07-25T21_26_22.583,100.83999999999999
II.PFO.00.BHZ_2010-08-06T17_37_56.321_2010-08-06T17_40_07.321,101.78999999999999
II.PFO.00.BHZ_2010-08-11T20_45_44.173_2010-08-11T20_47_55.173,100.09
II.PFO.00.BHZ_2010-08-21T13_58_11.378_2010-08-21T14_00_22.378,64.21000000000001
II.PFO.00.BHZ_2010-08-26T14_33_04.102_2010-08-26T14_35_15.102,100.41
II.PFO.00.BHZ_2010-08-27T09_59_36.741_2010-08-27T10_01_47.741,100.52
II.PFO.00.BHZ_2010-08-27T17_31_22.168_2010-08-27T17_33_33.168,100.16
II.PFO.00.BHZ_2010-08-28T14_12_02.016_2010-08-28T14_14_13.016,100.3
II.PFO.00.BHZ_2010-10-02T07_43_57.784_2010-10-02T07_46_08.784,100.66000000000001
II.PFO.00.BHZ_2010-10-06T17_56_34.547_2010-10-06T17_58_45.547,100.55
II.PFO.00.BHZ_2010-10-12T06_57_30.255_2010-10-12T06_59_41.255,99.96
II.PFO.00.BHZ_2010-11-04T19_38_34.835_2010-11-04T19_40_45.835,99.61000000000001
II.PFO.00.BHZ_2010-11-17T09_44_47.129_2010-11-17T09_46_58.129,99.92999999999999
II.PFO.00.BHZ_2010-11-17T23_57_13.325_2010-11-17T23_59_24.325,100.37
II.PFO.00.BHZ_2010-11-19T00_55_18.224_2010-11-19T00_57_29.224,95.16999999999999
II.PFO.00.BHZ_2010-12-01T19_30_08.219_2010-12-01T19_32_19.219,99.95
II.PFO.00.BHZ_2010-12-10T18_43_06.013_2010-12-10T18_45_17.013,100.61999999999999
II.PFO.00.BHZ_2010-12-15T15_26_23.095_2010-12-15T15_28_34.095,101.85999999999999
II.PFO.00.BHZ_2010-12-15T19_32_17.151_2010-12-15T19_34_28.151,62.779999999999994
II.PFO.00.BHZ_2010-12-15T19_33_39.652_2010-12-15T19_35_50.652,22.79
II.PFO.00.BHZ_2010-12-15T19_43_08.544_2010-12-15T19_45_19.544,102.24
II.PFO.00.BHZ_2010-12-21T11_00_21.525_2010-12-21T11_02_32.525,101.22
II.PFO.00.BHZ_2010-12-23T03_37_59.281_2010-12-23T03_40_10.281,100.63
II.PFO.00.BHZ_2010-12-28T02_37_11.726_2010-12-28T02_39_22.726,101.54
II.PFO.00.BHZ_2010-12-28T02_51_01.599_2010-12-28T02_53_12.599,90.95000000000002
II.PFO.00.BHZ_2010-12-30T17_35_51.390_2010-12-30T17_38_02.390,100.72999999999999
II.PFO.00.BHZ_2011-01-01T00_32_44.812_2011-01-01T00_34_55.812,58.379999999999995
II.PFO.00.BHZ_2011-01-01T00_59_22.057_2011-01-01T01_01_33.057,99.8
II.PFO.00.BHZ_2011-01-03T11_36_41.089_2011-01-03T11_38_52.089,100.01999999999998
II.PFO.00.BHZ_2011-01-10T11_24_32.645_2011-01-10T11_26_43.645,100.67999999999999
II.PFO.00.BHZ_2011-01-25T22_22_34.309_2011-01-25T22_24_45.309,101.10000000000001
II.PFO.00.BHZ_2011-02-12T17_29_08.824_2011-02-12T17_31_19.824,100.86
II.PFO.00.BHZ_2011-02-13T09_22_29.744_2011-02-13T09_24_40.744,101.33
II.PFO.00.BHZ_2011-03-03T20_16_11.427_2011-03-03T20_18_22.427,100.94000000000001
II.PFO.00.BHZ_2011-03-28T04_54_46.096_2011-03-28T04_56_57.096,100.1
II.PFO.00.BHZ_2011-03-29T10_41_52.186_2011-03-29T10_44_03.186,67.67
II.PFO.00.BHZ_2011-03-31T23_32_37.637_2011-03-31T23_34_48.637,101.37
II.PFO.00.BHZ_2011-04-14T05_47_23.020_2011-04-14T05_49_34.020,101.28
II.PFO.00.BHZ_2011-04-15T11_45_47.416_2011-04-15T11_47_58.416,74.33000000000001
II.PFO.00.BHZ_2011-04-23T20_47_59.678_2011-04-23T20_50_10.678,89.45000000000002
II.PFO.00.BHZ_2011-05-05T17_27_06.628_2011-05-05T17_29_17.628,86.85999999999999
II.PFO.00.BHZ_2011-05-27T23_15_58.422_2011-05-27T23_18_09.422,100.79
II.PFO.00.BHZ_2011-06-02T23_37_22.604_2011-06-02T23_39_33.604,101.71
II.PFO.00.BHZ_2011-06-05T13_51_46.247_2011-06-05T13_53_57.247,96.42
II.PFO.00.BHZ_2011-06-14T08_24_05.375_2011-06-14T08_26_16.375,99.97
II.PFO.00.BHZ_2011-06-17T17_37_21.387_2011-06-17T17_39_32.387,100.72
II.PFO.00.BHZ_2011-06-23T19_09_51.433_2011-06-23T19_12_02.433,101.19
II.PFO.00.BHZ_2011-07-11T01_57_28.016_2011-07-11T01_59_39.016,101.22999999999999
II.PFO.00.BHZ_2011-07-15T12_01_39.512_2011-07-15T12_03_50.512,100.58
II.PFO.00.BHZ_2011-07-22T09_07_10.995_2011-07-22T09_09_21.995,100.28999999999999
II.PFO.00.BHZ_2011-09-14T14_43_21.346_2011-09-14T14_45_32.346,100.65
II.PFO.00.BHZ_2011-09-27T20_16_14.987_2011-09-27T20_18_25.987,100.1
II.PFO.00.BHZ_2011-10-05T07_34_41.895_2011-10-05T07_36_52.895,100.17
II.PFO.00.BHZ_2011-10-17T17_31_42.922_2011-10-17T17_33_53.922,47.46
II.PFO.00.BHZ_2011-10-17T20_04_36.642_2011-10-17T20_06_47.642,101.71000000000001
II.PFO.00.BHZ_2011-10-17T21_24_13.472_2011-10-17T21_26_24.472,101.51000000000002
II.PFO.00.BHZ_2011-10-22T21_31_30.524_2011-10-22T21_33_41.524,99.94000000000001
II.PFO.00.BHZ_2011-11-01T23_23_47.274_2011-11-01T23_25_58.274,101.27000000000001
II.PFO.00.BHZ_2011-11-14T04_57_51.380_2011-11-14T05_00_02.380,100.69000000000001
II.PFO.00.BHZ_2011-11-18T14_13_11.503_2011-11-18T14_15_22.503,99.65
II.PFO.00.BHZ_2011-11-19T20_30_45.668_2011-11-19T20_32_56.668,102.5
II.PFO.00.BHZ_2011-11-21T01_00_13.280_2011-11-21T01_02_24.280,100.56000000000002
II.PFO.00.BHZ_2011-12-26T12_30_47.473_2011-12-26T12_32_58.473,100.3
II.PFO.00.BHZ_2012-01-06T02_46_17.848_2012-01-06T02_48_28.848,100.88000000000002
II.PFO.00.BHZ_2012-01-06T16_57_19.311_2012-01-06T16_59_30.311,101.05999999999999
II.PFO.00.BHZ_2012-01-08T01_58_19.738_2012-01-08T02_00_30.738,100.68
II.PFO.00.BHZ_2012-02-11T09_45_22.414_2012-02-11T09_47_33.414,102.0
II.PFO.00.BHZ_2012-02-26T11_29_53.707_2012-02-26T11_32_04.707,102.25
II.PFO.00.BHZ_2012-02-29T14_46_40.776_2012-02-29T14_48_51.776,100.83
II.PFO.00.BHZ_2012-02-29T15_00_14.291_2012-02-29T15_02_25.291,83.12
II.PFO.00.BHZ_2012-02-29T17_34_31.056_2012-02-29T17_36_42.056,101.65
II.PFO.00.BHZ_2012-03-15T06_29_00.693_2012-03-15T06_31_11.693,102.44000000000001
II.PFO.00.BHZ_2012-03-15T06_29_51.337_2012-03-15T06_32_02.337,53.010000000000005
II.PFO.00.BHZ_2012-03-27T20_29_11.343_2012-03-27T20_31_22.343,100.85999999999999
II.PFO.00.BHZ_2012-03-28T10_08_23.689_2012-03-28T10_10_34.689,100.67999999999999
II.PFO.00.BHZ_2012-03-30T06_07_55.690_2012-03-30T06_10_06.690,100.13
II.PFO.00.BHZ_2012-04-03T15_14_02.851_2012-04-03T15_16_13.851,100.94000000000001
II.PFO.00.BHZ_2012-04-04T01_10_34.453_2012-04-04T01_12_45.453,79.85999999999999
II.PFO.00.BHZ_2012-04-12T18_51_23.104_2012-04-12T18_53_34.104,100.66000000000001
II.PFO.00.BHZ_2012-04-19T11_44_00.917_2012-04-19T11_46_11.917,101.66
II.PFO.00.BHZ_2012-04-22T16_16_57.340_2012-04-22T16_19_08.340,101.56
II.PFO.00.BHZ_2012-04-24T19_42_33.592_2012-04-24T19_44_44.592,102.42999999999999
II.PFO.00.BHZ_2012-04-28T15_06_05.035_2012-04-28T15_08_16.035,102.38
II.PFO.00.BHZ_2012-05-08T23_54_12.175_2012-05-08T23_56_23.175,47.839999999999996
II.PFO.00.BHZ_2012-05-18T10_35_35.643_2012-05-18T10_37_46.643,101.4
II.PFO.00.BHZ_2012-05-21T06_18_21.247_2012-05-21T06_20_32.247,75.28
II.PFO.00.BHZ_2012-06-19T04_00_08.613_2012-06-19T04_02_19.613,101.63
II.PFO.00.BHZ_2012-06-26T04_20_48.142_2012-06-26T04_22_59.142,100.38000000000001
II.PFO.00.BHZ_2012-07-04T09_03_07.705_2012-07-04T09_05_18.705,100.61000000000001
II.PFO.00.BHZ_2012-07-05T18_16_42.239_2012-07-05T18_18_53.239,101.67
II.PFO.00.BHZ_2012-07-08T10_48_30.646_2012-07-08T10_50_41.646,100.2
II.PFO.00.BHZ_2012-07-12T17_52_56.395_2012-07-12T17_55_07.395,100.88
II.PFO.00.BHZ_2012-07-22T02_59_05.991_2012-07-22T03_01_16.991,100.67999999999999
II.PFO.00.BHZ_2012-08-19T03_42_15.920_2012-08-19T03_44_26.920,101.3
II.PFO.00.BHZ_2012-08-21T02_38_49.103_2012-08-21T02_41_00.103,99.45
II.PFO.00.BHZ_2012-08-26T09_51_39.568_2012-08-26T09_53_50.568,100.36
II.PFO.00.BHZ_2012-08-26T17_00_49.351_2012-08-26T17_03_00.351,101.39999999999999
II.PFO.00.BHZ_2012-08-26T18_56_47.279_2012-08-26T18_58_58.279,84.92999999999999
II.PFO.00.BHZ_2012-08-26T19_01_53.364_2012-08-26T19_04_04.364,97.97
II.PFO.00.BHZ_2012-08-26T19_27_13.569_2012-08-26T19_29_24.569,71.71000000000001
II.PFO.00.BHZ_2012-08-26T19_56_53.154_2012-08-26T19_59_04.154,45.29
II.PFO.00.BHZ_2012-08-26T20_29_50.070_2012-08-26T20_32_01.070,80.38
II.PFO.00.BHZ_2012-08-26T21_14_06.699_2012-08-26T21_16_17.699,82.64
II.PFO.00.BHZ_2012-08-26T21_25_15.127_2012-08-26T21_27_26.127,83.67
II.PFO.00.BHZ_2012-08-26T22_22_35.003_2012-08-26T22_24_46.003,20.9
II.PFO.00.BHZ_2012-08-27T00_11_02.288_2012-08-27T00_13_13.288,101.76000000000002
II.PFO.00.BHZ_2012-08-27T02_51_50.681_2012-08-27T02_54_01.681,102.58
II.PFO.00.BHZ_2012-08-27T04_40_13.512_2012-08-27T04_42_24.512,102.36
II.PFO.00.BHZ_2012-09-10T15_43_13.336_2012-09-10T15_45_24.336,81.24
II.PFO.00.BHZ_2012-09-25T12_00_39.288_2012-09-25T12_02_50.288,100.22
II.PFO.00.BHZ_2012-10-02T08_26_50.128_2012-10-02T08_29_01.128,100.09
II.PFO.00.BHZ_2012-10-08T00_37_38.672_2012-10-08T00_39_49.672,100.47999999999999
II.PFO.00.BHZ_2012-10-09T12_58_35.814_2012-10-09T13_00_46.814,100.19000000000001
II.PFO.00.BHZ_2012-10-28T07_45_27.765_2012-10-28T07_47_38.765,101.09
II.PFO.00.BHZ_2012-11-26T15_32_21.897_2012-11-26T15_34_32.897,100.27
II.PFO.00.BHZ_2012-11-27T00_57_10.035_2012-11-27T00_59_21.035,100.98999999999998
II.PFO.00.BHZ_2012-12-14T23_33_07.248_2012-12-14T23_35_18.248,101.63000000000001
II.PFO.00.BHZ_2012-12-22T21_36_15.414_2012-12-22T21_38_26.414,101.18
II.PFO.00.BHZ_2013-01-17T02_08_34.809_2013-01-17T02_10_45.809,100.22999999999999
II.PFO.00.BHZ_2013-02-17T17_03_22.842_2013-02-17T17_05_33.842,101.35999999999999
II.PFO.00.BHZ_2013-02-21T20_56_07.205_2013-02-21T20_58_18.205,102.36
II.PFO.00.BHZ_2013-02-26T20_17_21.016_2013-02-26T20_19_32.016,102.56000000000002
II.PFO.00.BHZ_2013-03-04T23_16_14.006_2013-03-04T23_18_25.006,100.95
II.PFO.00.BHZ_2013-03-11T16_54_27.878_2013-03-11T16_56_38.878,64.99000000000001
II.PFO.00.BHZ_2013-03-13T04_19_35.371_2013-03-13T04_21_46.371,84.0
II.PFO.00.BHZ_2013-03-27T17_48_50.792_2013-03-27T17_51_01.792,100.26000000000002
II.PFO.00.BHZ_2013-03-27T18_15_20.793_2013-03-27T18_17_31.793,101.03
II.PFO.00.BHZ_2013-04-07T19_12_28.393_2013-04-07T19_14_39.393,99.34
II.PFO.00.BHZ_2013-04-25T18_58_08.349_2013-04-25T19_00_19.349,100.41999999999999
II.PFO.00.BHZ_2013-05-15T16_18_33.254_2013-05-15T16_20_44.254,55.71
II.PFO.00.BHZ_2013-05-17T03_06_28.197_2013-05-17T03_08_39.197,101.22999999999999
II.PFO.00.BHZ_2013-05-17T04_36_48.977_2013-05-17T04_38_59.977,101.13000000000001
II.PFO.00.BHZ_2013-06-03T12_42_08.521_2013-06-03T12_44_19.521,83.30999999999999
II.PFO.00.BHZ_2013-06-03T19_02_44.140_2013-06-03T19_04_55.140,100.82000000000001
II.PFO.00.BHZ_2013-06-04T19_45_16.108_2013-06-04T19_47_27.108,102.05
II.PFO.00.BHZ_2013-06-19T19_10_23.578_2013-06-19T19_12_34.578,100.13
II.PFO.00.BHZ_2013-06-24T22_08_00.632_2013-06-24T22_10_11.632,101.22
II.PFO.00.BHZ_2013-06-28T17_44_11.705_2013-06-28T17_46_22.705,100.00999999999999
II.PFO.00.BHZ_2013-06-29T20_23_35.816_2013-06-29T20_25_46.816,100.67999999999999
II.PFO.00.BHZ_2013-07-22T01_58_15.382_2013-07-22T02_00_26.382,100.05999999999999
II.PFO.00.BHZ_2013-08-10T14_07_51.371_2013-08-10T14_10_02.371,100.51
II.PFO.00.BHZ_2013-08-10T14_08_41.698_2013-08-10T14_10_52.698,50.35
II.PFO.00.BHZ_2013-08-10T16_31_32.499_2013-08-10T16_33_43.499,101.31
II.PFO.00.BHZ_2013-08-16T03_52_06.185_2013-08-16T03_54_17.185,101.27000000000001
II.PFO.00.BHZ_2013-08-22T13_27_52.579_2013-08-22T13_30_03.579,100.84
II.PFO.00.BHZ_2013-09-04T04_03_18.062_2013-09-04T04_05_29.062,81.95
II.PFO.00.BHZ_2013-09-18T12_52_08.824_2013-09-18T12_54_19.824,100.92999999999999
II.PFO.00.BHZ_2013-09-20T06_09_07.718_2013-09-20T06_11_18.718,100.58000000000001
II.PFO.00.BHZ_2013-09-22T13_08_33.056_2013-09-22T13_10_44.056,101.01000000000002
II.PFO.00.BHZ_2013-09-29T00_34_48.173_2013-09-29T00_36_59.173,102.35999999999999
II.PFO.00.BHZ_2013-09-29T08_40_03.903_2013-09-29T08_42_14.903,94.88000000000001
II.PFO.00.BHZ_2013-09-30T04_22_02.676_2013-09-30T04_24_13.676,100.89999999999999
II.PFO.00.BHZ_2013-10-06T02_05_01.956_2013-10-06T02_07_12.956,103.81999999999998
II.PFO.00.BHZ_2013-10-06T16_40_31.408_2013-10-06T16_42_42.408,101.92999999999999
II.PFO.00.BHZ_2013-10-14T12_36_51.860_2013-10-14T12_39_02.860,103.53
II.PFO.00.BHZ_2013-11-02T18_21_50.876_2013-11-02T18_24_01.876,101.65
II.PFO.00.BHZ_2013-11-04T22_28_16.377_2013-11-04T22_30_27.377,100.78
II.PFO.00.BHZ_2013-11-30T11_35_05.719_2013-11-30T11_37_16.719,85.93
II.PFO.00.BHZ_2013-11-30T15_08_43.313_2013-11-30T15_10_54.313,100.79
II.PFO.00.BHZ_2013-12-30T18_30_59.233_2013-12-30T18_33_10.233,100.08
II.PFO.00.BHZ_2013-12-30T23_42_46.081_2013-12-30T23_44_57.081,100.37
II.PFO.00.BHZ_2013-12-31T09_19_30.309_2013-12-31T09_21_41.309,85.33
II.PFO.00.BHZ_2014-01-15T09_33_57.410_2014-01-15T09_36_08.410,99.53
II.PFO.00.BHZ_2014-01-16T09_48_41.497_2014-01-16T09_50_52.497,100.81
II.PFO.00.BHZ_2014-01-27T12_41_02.207_2014-01-27T12_43_13.207,81.97
II.PFO.00.BHZ_2014-03-05T09_15_27.572_2014-03-05T09_17_38.572,84.77000000000001
II.PFO.00.BHZ_2014-03-28T04_14_05.012_2014-03-28T04_16_16.012,100.82000000000001
II.PFO.00.BHZ_2014-04-11T23_51_44.209_2014-04-11T23_53_55.209,101.01
II.PFO.00.BHZ_2014-04-25T19_24_42.311_2014-04-25T19_26_53.311,100.49000000000001
II.PFO.00.BHZ_2014-05-09T04_47_59.331_2014-05-09T04_50_10.331,101.22999999999999
II.PFO.00.BHZ_2014-05-19T20_07_10.237_2014-05-19T20_09_21.237,64.8
II.PFO.00.BHZ_2014-05-19T20_07_23.669_2014-05-19T20_09_34.669,94.79
II.PFO.00.BHZ_2014-06-14T06_39_47.528_2014-06-14T06_41_58.528,101.37
II.PFO.00.BHZ_2014-07-03T23_49_02.110_2014-07-03T23_51_13.110,100.68
II.PFO.00.BHZ_2014-07-05T16_58_07.679_2014-07-05T17_00_18.679,101.13
II.PFO.00.BHZ_2014-07-05T16_59_00.717_2014-07-05T17_01_11.717,47.96
II.PFO.00.BHZ_2014-07-07T08_49_39.581_2014-07-07T08_51_50.581,101.47999999999999
II.PFO.00.BHZ_2014-07-09T21_46_34.120_2014-07-09T21_48_45.120,100.95
II.PFO.00.BHZ_2014-07-10T20_40_05.872_2014-07-10T20_42_16.872,100.27
II.PFO.00.BHZ_2014-07-15T06_05_41.423_2014-07-15T06_07_52.423,101.07000000000001
II.PFO.00.BHZ_2014-07-17T14_22_57.568_2014-07-17T14_25_08.568,100.16999999999999
II.PFO.00.BHZ_2014-07-20T09_16_54.497_2014-07-20T09_19_05.497,100.62
II.PFO.00.BHZ_2014-07-24T19_18_47.296_2014-07-24T19_20_58.296,100.5
II.PFO.00.BHZ_2014-08-07T21_44_15.806_2014-08-07T21_46_26.806,70.24
II.PFO.00.BHZ_2014-08-15T03_55_50.980_2014-08-15T03_58_01.980,100.58
II.PFO.00.BHZ_2014-08-18T04_54_30.552_2014-08-18T04_56_41.552,100.93999999999998
II.PFO.00.BHZ_2014-09-03T02_37_03.695_2014-09-03T02_39_14.695,101.6
II.PFO.00.BHZ_2014-09-09T16_06_56.438_2014-09-09T16_09_07.438,101.09
II.PFO.00.BHZ_2014-09-14T22_15_23.385_2014-09-14T22_17_34.385,101.74
II.PFO.00.BHZ_2014-10-11T21_01_12.573_2014-10-11T21_03_23.573,100.30999999999999
II.PFO.00.BHZ_2014-10-12T20_14_31.583_2014-10-12T20_16_42.583,100.64000000000001
II.PFO.00.BHZ_2014-10-25T11_06_10.278_2014-10-25T11_08_21.278,101.23999999999998
II.PFO.00.BHZ_2014-11-03T08_52_08.604_2014-11-03T08_54_19.604,100.60999999999999
II.PFO.00.BHZ_2014-11-18T04_17_12.808_2014-11-18T04_19_23.808,99.31
II.PFO.00.BHZ_2014-12-04T16_51_47.487_2014-12-04T16_53_58.487,100.52000000000001
II.PFO.00.BHZ_2014-12-12T19_07_01.812_2014-12-12T19_09_12.812,101.17
II.PFO.00.BHZ_2014-12-23T07_57_34.352_2014-12-23T07_59_45.352,100.8
II.PFO.00.BHZ_2014-12-24T05_50_25.899_2014-12-24T05_52_36.899,84.44
II.PFO.00.BHZ_2014-12-24T05_58_46.126_2014-12-24T06_00_57.126,95.18
II.PFO.00.BHZ_2015-01-18T13_22_08.406_2015-01-18T13_24_19.406,99.72999999999999
II.PFO.00.BHZ_2015-01-25T18_08_48.625_2015-01-25T18_10_59.625,100.91
II.PFO.00.BHZ_2015-02-07T14_04_23.719_2015-02-07T14_06_34.719,101.27000000000001
II.PFO.00.BHZ_2015-02-26T01_17_05.600_2015-02-26T01_19_16.600,100.53
II.PFO.00.BHZ_2015-03-27T15_35_26.189_2015-03-27T15_37_37.189,100.10999999999999
II.PFO.00.BHZ_2015-05-06T07_38_15.164_2015-05-06T07_40_26.164,100.46
II.PFO.00.BHZ_2015-05-21T03_14_04.177_2015-05-21T03_16_15.177,100.13
II.PFO.00.BHZ_2015-05-21T03_49_35.654_2015-05-21T03_51_46.654,101.24999999999999
II.PFO.00.BHZ_2015-05-21T05_04_47.022_2015-05-21T05_06_58.022,65.03
II.PFO.00.BHZ_2015-05-30T05_22_22.577_2015-05-30T05_24_33.577,100.97
II.PFO.00.BHZ_2015-05-31T13_01_21.926_2015-05-31T13_03_32.926,82.34
II.PFO.00.BHZ_2015-06-09T21_57_10.165_2015-06-09T21_59_21.165,103.0
II.PFO.00.BHZ_2015-07-25T12_52_44.437_2015-07-25T12_54_55.437,100.86
II.PFO.00.BHZ_2015-09-16T16_09_18.451_2015-09-16T16_11_29.451,100.47999999999999
II.PFO.00.BHZ_2015-10-14T13_54_02.416_2015-10-14T13_56_13.416,99.93
II.PFO.00.BHZ_2015-10-16T05_28_18.768_2015-10-16T05_30_29.768,100.66999999999999
II.PFO.00.BHZ_2015-10-17T02_30_31.177_2015-10-17T02_32_42.177,100.27000000000001
II.PFO.00.BHZ_2015-11-18T04_40_26.840_2015-11-18T04_42_37.840,56.839999999999996
II.PFO.00.BHZ_2015-11-27T01_19_53.760_2015-11-27T01_22_04.760,100.58000000000001
II.PFO.00.BHZ_2015-12-02T23_26_06.288_2015-12-02T23_28_17.288,100.47999999999999
II.PFO.00.BHZ_2015-12-07T14_04_38.294_2015-12-07T14_06_49.294,100.07000000000001
II.PFO.00.BHZ_2015-12-10T08_16_07.365_2015-12-10T08_18_18.365,101.9
II.PFO.00.BHZ_2015-12-18T00_19_33.594_2015-12-18T00_21_44.594,101.61000000000001
II.PFO.00.BHZ_2015-12-19T01_44_16.862_2015-12-19T01_46_27.862,100.27000000000001
II.PFO.00.BHZ_2015-12-30T01_47_35.257_2015-12-30T01_49_46.257,100.13
II.PFO.00.BHZ_2015-12-30T01_52_23.410_2015-12-30T01_54_34.410,82.1
II.PFO.00.BHZ_2016-01-06T14_41_03.902_2016-01-06T14_43_14.902,99.96000000000001
II.PFO.00.BHZ_2016-01-09T11_41_35.511_2016-01-09T11_43_46.511,100.24000000000001
II.PFO.00.BHZ_2016-01-19T10_19_46.966_2016-01-19T10_21_57.966,101.42999999999999
II.PFO.00.BHZ_2016-01-24T15_30_56.468_2016-01-24T15_33_07.468,101.51
II.PFO.00.BHZ_2016-02-14T08_59_40.847_2016-02-14T09_01_51.847,100.09
II.PFO.00.BHZ_2016-02-16T09_22_54.482_2016-02-16T09_25_05.482,52.49000000000001
II.PFO.00.BHZ_2016-02-20T06_11_58.703_2016-02-20T06_14_09.703,100.93000000000002
II.PFO.00.BHZ_2016-02-23T03_05_25.237_2016-02-23T03_07_36.237,102.08
II.PFO.00.BHZ_2016-02-23T03_18_32.985_2016-02-23T03_20_43.985,101.42
II.PFO.00.BHZ_2016-06-02T23_04_52.250_2016-06-02T23_07_03.250,101.44
II.PFO.00.BHZ_2016-06-10T08_03_01.739_2016-06-10T08_05_12.739,99.76999999999998
II.PFO.00.BHZ_2016-06-10T08_32_20.263_2016-06-10T08_34_31.263,80.6
II.PFO.00.BHZ_2016-06-10T08_45_08.894_2016-06-10T08_47_19.894,52.73
II.PFO.00.BHZ_2016-06-10T11_12_34.488_2016-06-10T11_14_45.488,92.92
II.PFO.00.BHZ_2016-06-10T23_41_20.599_2016-06-10T23_43_31.599,96.08
II.PFO.00.BHZ_2016-06-11T01_38_53.428_2016-06-11T01_41_04.428,49.65
II.PFO.00.BHZ_2016-06-16T17_00_30.471_2016-06-16T17_02_41.471,94.42
II.PFO.00.BHZ_2016-06-17T13_38_31.349_2016-06-17T13_40_42.349,100.66999999999999
II.PFO.00.BHZ_2016-06-20T04_19_48.942_2016-06-20T04_21_59.942,101.8
II.PFO.00.BHZ_2016-07-30T17_20_56.513_2016-07-30T17_23_07.513,100.25999999999999
II.PFO.00.BHZ_2016-07-31T16_19_41.611_2016-07-31T16_21_52.611,100.24
II.PFO.00.BHZ_2016-08-06T14_37_46.535_2016-08-06T14_39_57.535,100.09
II.PFO.00.BHZ_2016-08-15T21_00_43.904_2016-08-15T21_02_54.904,82.28
II.PFO.00.BHZ_2016-08-21T20_07_52.608_2016-08-21T20_10_03.608,100.28
II.PFO.00.BHZ_2016-08-30T14_23_45.436_2016-08-30T14_25_56.436,100.87
II.PFO.00.BHZ_2016-08-31T07_02_41.830_2016-08-31T07_04_52.830,100.99
II.PFO.00.BHZ_2016-09-02T15_40_43.729_2016-09-02T15_42_54.729,100.19000000000001
II.PFO.00.BHZ_2016-09-24T09_09_40.969_2016-09-24T09_11_51.969,100.38
II.PFO.00.BHZ_2016-09-26T13_12_51.837_2016-09-26T13_15_02.837,101.22
II.PFO.00.BHZ_2016-09-26T14_29_40.385_2016-09-26T14_31_51.385,101.08000000000001
II.PFO.00.BHZ_2016-09-26T15_46_00.948_2016-09-26T15_48_11.948,80.78
II.PFO.00.BHZ_2016-09-26T15_47_12.448_2016-09-26T15_49_23.448,27.310000000000002
II.PFO.00.BHZ_2016-09-26T23_32_09.641_2016-09-26T23_34_20.641,100.61
II.PFO.00.BHZ_2016-09-26T23_32_09.894_2016-09-26T23_34_20.894,100.36999999999999
II.PFO.00.BHZ_2016-09-26T23_32_33.676_2016-09-26T23_34_44.676,76.63000000000001
II.PFO.00.BHZ_2016-09-27T03_04_46.570_2016-09-27T03_06_57.570,82.9
II.PFO.00.BHZ_2016-09-27T03_04_46.726_2016-09-27T03_06_57.726,82.88000000000001
II.PFO.00.BHZ_2016-09-27T03_22_30.514_2016-09-27T03_24_41.514,101.11999999999999
II.PFO.00.BHZ_2016-09-27T03_28_04.521_2016-09-27T03_30_15.521,21.56
II.PFO.00.BHZ_2016-09-27T03_34_47.699_2016-09-27T03_36_58.699,50.56
II.PFO.00.BHZ_2016-09-27T03_38_13.163_2016-09-27T03_40_24.163,66.27000000000001
II.PFO.00.BHZ_2016-09-27T03_45_02.907_2016-09-27T03_47_13.907,57.46999999999999
II.PFO.00.BHZ_2016-09-27T05_51_23.005_2016-09-27T05_53_34.005,67.14000000000001
II.PFO.00.BHZ_2016-09-28T01_04_23.597_2016-09-28T01_06_34.597,100.54
II.PFO.00.BHZ_2016-09-28T01_11_36.206_2016-09-28T01_13_47.206,30.2
II.PFO.00.BHZ_2016-09-28T02_32_22.678_2016-09-28T02_34_33.678,98.11
II.PFO.00.BHZ_2016-09-29T18_06_31.575_2016-09-29T18_08_42.575,101.47
II.PFO.00.BHZ_2016-10-01T17_21_48.765_2016-10-01T17_23_59.765,100.41999999999999
II.PFO.00.BHZ_2016-10-01T21_30_16.942_2016-10-01T21_32_27.942,51.16
II.PFO.00.BHZ_2016-10-05T13_46_22.068_2016-10-05T13_48_33.068,100.56
II.PFO.00.BHZ_2016-10-05T14_10_04.914_2016-10-05T14_12_15.914,100.42999999999999
II.PFO.00.BHZ_2016-10-08T22_42_23.174_2016-10-08T22_44_34.174,100.16
II.PFO.00.BHZ_2016-10-24T01_10_58.845_2016-10-24T01_13_09.845,100.49
II.PFO.00.BHZ_2016-10-31T09_41_58.931_2016-10-31T09_44_09.931,51.010000000000005
II.PFO.00.BHZ_2016-10-31T09_59_29.489_2016-10-31T10_01_40.489,100.6
II.PFO.00.BHZ_2016-10-31T10_13_54.980_2016-10-31T10_16_05.980,82.67999999999999
II.PFO.00.BHZ_2016-10-31T10_39_43.113_2016-10-31T10_41_54.113,67.36
II.PFO.00.BHZ_2016-10-31T17_15_42.570_2016-10-31T17_17_53.570,100.89
II.PFO.00.BHZ_2016-10-31T17_25_00.407_2016-10-31T17_27_11.407,100.85
II.PFO.00.BHZ_2016-12-16T01_24_27.849_2016-12-16T01_26_38.849,101.05
II.PFO.00.BHZ_2016-12-20T20_09_33.088_2016-12-20T20_11_44.088,100.34
II.PFO.00.BHZ_2016-12-28T17_55_30.094_2016-12-28T17_57_41.094,100.04
II.PFO.00.BHZ_2017-01-04T06_47_14.184_2017-01-04T06_49_25.184,100.35000000000001
II.PFO.00.BHZ_2017-02-10T10_09_05.436_2017-02-10T10_11_16.436,100.22
II.PFO.00.BHZ_2017-03-01T20_17_11.494_2017-03-01T20_19_22.494,100.50999999999999
II.PFO.00.BHZ_2017-03-02T07_29_50.854_2017-03-02T07_32_01.854,100.2
II.PFO.00.BHZ_2017-03-14T05_05_28.531_2017-03-14T05_07_39.531,99.82000000000001
II.PFO.00.BHZ_2017-03-14T17_12_34.233_2017-03-14T17_14_45.233,101.26
II.PFO.00.BHZ_2017-03-17T21_53_00.274_2017-03-17T21_55_11.274,100.27
II.PFO.00.BHZ_2017-03-18T21_16_18.524_2017-03-18T21_18_29.524,100.00999999999999
II.PFO.00.BHZ_2017-03-26T08_24_13.557_2017-03-26T08_26_24.557,100.41000000000001
II.PFO.00.BHZ_2017-03-28T00_53_15.070_2017-03-28T00_55_26.070,80.52000000000001
II.PFO.00.BHZ_2017-04-07T06_19_16.205_2017-04-07T06_21_27.205,100.23
II.PFO.00.BHZ_2017-04-14T10_36_57.765_2017-04-14T10_39_08.765,100.47999999999999
II.PFO.00.BHZ_2017-04-14T14_13_08.715_2017-04-14T14_15_19.715,100.11
II.PFO.00.BHZ_2017-04-14T14_13_08.772_2017-04-14T14_15_19.772,100.00999999999999
II.PFO.00.BHZ_2017-04-23T01_46_09.950_2017-04-23T01_48_20.950,100.27000000000001
II.PFO.00.BHZ_2017-05-03T15_43_20.679_2017-05-03T15_45_31.679,101.23
II.PFO.00.BHZ_2017-05-15T18_41_39.787_2017-05-15T18_43_50.787,101.22999999999999
II.PFO.00.BHZ_2017-05-29T18_59_19.184_2017-05-29T19_01_30.184,59.589999999999996
II.PFO.00.BHZ_2017-06-01T15_17_48.737_2017-06-01T15_19_59.737,100.50999999999999
II.PFO.00.BHZ_2017-06-07T07_11_00.786_2017-06-07T07_13_11.786,100.82000000000001
II.PFO.00.BHZ_2017-06-07T07_11_02.617_2017-06-07T07_13_13.617,99.0
II.PFO.00.BHZ_2017-06-07T13_29_15.091_2017-06-07T13_31_26.091,100.47999999999999
II.PFO.00.BHZ_2017-06-16T14_13_10.943_2017-06-16T14_15_21.943,90.1
II.PFO.00.BHZ_2017-06-18T15_12_36.802_2017-06-18T15_14_47.802,100.13000000000001
II.PFO.00.BHZ_2017-06-25T13_51_54.367_2017-06-25T13_54_05.367,100.11
II.PFO.00.BHZ_2017-07-24T18_22_11.673_2017-07-24T18_24_22.673,100.56
II.PFO.00.BHZ_2017-07-26T19_07_17.123_2017-07-26T19_09_28.123,65.91
II.PFO.00.BHZ_2017-07-26T19_42_32.272_2017-07-26T19_44_43.272,100.35
II.PFO.00.BHZ_2017-08-09T20_39_23.101_2017-08-09T20_41_34.101,100.39999999999999
II.PFO.00.BHZ_2017-08-14T11_09_37.535_2017-08-14T11_11_48.535,100.07
II.PFO.00.BHZ_2017-08-17T14_09_23.670_2017-08-17T14_11_34.670,92.03
II.PFO.00.BHZ_2017-08-22T08_11_01.141_2017-08-22T08_13_12.141,100.47999999999999
II.PFO.00.BHZ_2017-09-13T21_58_09.083_2017-09-13T22_00_20.083,100.52000000000001
II.PFO.00.BHZ_2017-09-15T13_20_47.453_2017-09-15T13_22_58.453,100.52000000000001
II.PFO.00.BHZ_2017-09-16T04_37_55.531_2017-09-16T04_40_06.531,101.2
II.PFO.00.BHZ_2017-09-16T09_44_25.611_2017-09-16T09_46_36.611,100.33000000000001
II.PFO.00.BHZ_2017-10-09T06_38_22.288_2017-10-09T06_40_33.288,100.08
II.PFO.00.BHZ_2017-10-17T12_04_09.672_2017-10-17T12_06_20.672,100.61000000000001
II.PFO.00.BHZ_2017-10-18T10_04_28.912_2017-10-18T10_06_39.912,100.42999999999999
II.PFO.00.BHZ_2017-11-09T03_26_50.353_2017-11-09T03_29_01.353,100.86
II.PFO.00.BHZ_2017-11-10T00_21_52.308_2017-11-10T00_24_03.308,100.42
II.PFO.00.BHZ_2017-12-07T00_31_43.407_2017-12-07T00_33_54.407,84.88000000000001
II.PFO.00.BHZ_2017-12-07T00_36_31.335_2017-12-07T00_38_42.335,82.27000000000001
II.PFO.00.BHZ_2017-12-07T03_56_06.222_2017-12-07T03_58_17.222,100.07000000000001
II.PFO.00.BHZ_2017-12-07T10_31_15.246_2017-12-07T10_33_26.246,100.11
II.PFO.00.BHZ_2017-12-09T02_49_52.939_2017-12-09T02_52_03.939,100.45
II.PFO.00.BHZ_2017-12-09T20_43_49.137_2017-12-09T20_46_00.137,100.74000000000001
II.PFO.00.BHZ_2017-12-30T12_13_59.400_2017-12-30T12_16_10.400,101.69000000000001
II.PFO.00.BHZ_2018-01-13T06_25_28.887_2018-01-13T06_27_39.887,100.01
II.PFO.00.BHZ_2018-01-25T10_08_32.687_2018-01-25T10_10_43.687,100.77000000000001
II.PFO.00.BHZ_2018-01-27T12_46_32.133_2018-01-27T12_48_43.133,101.01
II.PFO.00.BHZ_2018-02-11T09_01_03.383_2018-02-11T09_03_14.383,50.08
II.PFO.00.BHZ_2018-02-15T01_46_08.510_2018-02-15T01_48_19.510,100.62
II.PFO.00.BHZ_2018-02-26T18_43_04.356_2018-02-26T18_45_15.356,100.22
II.PFO.00.BHZ_2018-03-11T12_43_51.992_2018-03-11T12_46_02.992,100.46
II.PFO.00.BHZ_2018-03-16T04_06_27.655_2018-03-16T04_08_38.655,100.39
II.PFO.00.BHZ_2018-04-02T02_52_19.730_2018-04-02T02_54_30.730,100.91
II.PFO.00.BHZ_2018-04-23T00_44_34.375_2018-04-23T00_46_45.375,100.25999999999999
II.PFO.00.BHZ_2018-04-25T16_50_41.098_2018-04-25T16_52_52.098,100.03999999999999
II.PFO.00.BHZ_2018-04-26T01_34_25.190_2018-04-26T01_36_36.190,100.13000000000001
II.PFO.00.BHZ_2018-05-08T11_48_02.613_2018-05-08T11_50_13.613,99.97
II.PFO.00.BHZ_2018-05-13T00_27_29.541_2018-05-13T00_29_40.541,101.41
II.PFO.00.BHZ_2018-05-13T00_33_30.544_2018-05-13T00_35_41.544,66.14
II.PFO.00.BHZ_2018-05-13T00_33_36.362_2018-05-13T00_35_47.362,78.52000000000001
II.PFO.00.BHZ_2018-05-13T00_46_39.707_2018-05-13T00_48_50.707,83.28
II.PFO.00.BHZ_2018-05-13T12_04_19.990_2018-05-13T12_06_30.990,98.1
II.PFO.00.BHZ_2018-05-13T14_31_56.563_2018-05-13T14_34_07.563,47.46
II.PFO.00.BHZ_2018-05-19T19_25_16.190_2018-05-19T19_27_27.190,82.85
II.PFO.00.BHZ_2018-05-30T19_20_30.845_2018-05-30T19_22_41.845,100.38
II.PFO.00.BHZ_2018-06-08T20_52_19.583_2018-06-08T20_54_30.583,100.60999999999999
II.PFO.00.BHZ_2018-06-17T18_33_33.964_2018-06-17T18_35_44.964,100.09
II.PFO.00.BHZ_2018-06-24T07_45_34.549_2018-06-24T07_47_45.549,100.29
II.PFO.00.BHZ_2018-07-23T13_39_02.362_2018-07-23T13_41_13.362,100.91
II.PFO.00.BHZ_2018-07-26T18_45_13.470_2018-07-26T18_47_24.470,101.03
II.PFO.00.BHZ_2018-08-04T13_47_16.946_2018-08-04T13_49_27.946,100.9
II.PFO.00.BHZ_2018-08-15T01_22_51.458_2018-08-15T01_25_02.458,100.98
II.PFO.00.BHZ_2018-08-18T16_00_39.353_2018-08-18T16_02_50.353,100.28
II.PFO.00.BHZ_2018-08-20T15_43_19.912_2018-08-20T15_45_30.912,101.2
II.PFO.00.BHZ_2018-08-27T19_35_53.260_2018-08-27T19_38_04.260,91.74
II.PFO.00.BHZ_2018-09-01T16_48_54.456_2018-09-01T16_51_05.456,100.96000000000001
II.PFO.00.BHZ_2018-09-07T10_44_03.734_2018-09-07T10_46_14.734,101.22
II.PFO.00.BHZ_2018-09-08T05_38_11.469_2018-09-08T05_40_22.469,101.72
II.PFO.00.BHZ_2018-09-16T11_35_58.356_2018-09-16T11_38_09.356,100.3
II.PFO.00.BHZ_2018-09-20T12_43_10.164_2018-09-20T12_45_21.164,99.80999999999999
II.PFO.00.BHZ_2018-09-30T14_40_00.542_2018-09-30T14_42_11.542,100.00999999999999
II.PFO.00.BHZ_2018-10-01T17_54_50.620_2018-10-01T17_57_01.620,100.01
II.PFO.00.BHZ_2018-10-13T23_56_07.699_2018-10-13T23_58_18.699,52.92
II.PFO.00.BHZ_2018-10-17T22_07_47.704_2018-10-17T22_09_58.704,91.69000000000001
II.PFO.00.BHZ_2018-11-08T17_15_15.269_2018-11-08T17_17_26.269,100.72
II.PFO.00.BHZ_2018-11-09T14_44_15.763_2018-11-09T14_46_26.763,80.67
II.PFO.00.BHZ_2018-11-09T14_56_34.373_2018-11-09T14_58_45.373,84.14
II.PFO.00.BHZ_2018-11-15T06_39_01.012_2018-11-15T06_41_12.012,83.74
II.PFO.00.BHZ_2018-11-29T13_47_26.290_2018-11-29T13_49_37.290,100.30999999999999
II.PFO.00.BHZ_2018-12-03T22_43_21.978_2018-12-03T22_45_32.978,101.1
II.PFO.00.BHZ_2018-12-04T22_05_20.289_2018-12-04T22_07_31.289,101.35999999999999
II.PFO.00.BHZ_2018-12-20T20_16_48.023_2018-12-20T20_18_59.023,101.53
II.PFO.00.BHZ_2018-12-27T01_13_35.739_2018-12-27T01_15_46.739,100.5
