file,duration
XB.ELYSE.02.BHV.2019-05-23HR02_evid0041.mseed,3599.95
XB.ELYSE.02.BHV.2019-07-26HR12_evid0033.mseed,3599.95
XB.ELYSE.02.BHV.2019-07-26HR12_evid0034.mseed,3599.95
XB.ELYSE.02.BHV.2019-09-21HR03_evid0032.mseed,3599.95
XB.ELYSE.02.BHV.2021-05-02HR01_evid0017.mseed,3599.95
XB.ELYSE.02.BHV.2021-10-11HR23_evid0011.mseed,3599.95
XB.ELYSE.02.BHV.2021-12-24HR22_evid0007.mseed,3599.95
XB.ELYSE.02.BHV.2022-04-09HR22_evid0002.mseed,3599.95
XB.ELYSE.02.BHV.2022-05-04HR23_evid0001.mseed,3599.9
